{"name":"pyVision","tagline":"pyVision Machine Learning Library","body":"This is website for pyVision machine learning library.\r\n\r\nA lot of code is developed from scratch and is associated with documentation containing theoretical and algorithmic details.\r\n\r\nThe main purpose of the project is to understand the theory as well as implementation details which is typically missing in many of the OpenSource projects.\r\n\r\nBlog Posts -{{ site.url }}\r\n<ol class=\"entries\">\r\n  {% for post in site.posts %}\r\n  <li>\r\n    <a href=\"{{ post.url | remove_first:'/'}}\">      \r\n      <h3>{{ post.title }}</h3>\r\n    </a>\r\n  </li>\r\n \r\n  {% endfor %}\r\n</ol>\r\n","google":"","note":"Don't delete this file! It's used internally to help with page regeneration."}